"Location","Date","week","biweekly","month","SampleID","Region_Sequenced","Year","Jday","Crop_Type","Sampler_Type","SamplerNo","Control","PosNeg","NoReads","SequenceID","SampleType","GenericID","Sample_or_Control","Observed","Chao1","se.chao1","ACE","se.ACE","Shannon","Simpson","InvSimpson","Fisher","Julian_Day","Precip","MaxT","MinT","MeanT","MaxRH","MinRH","MeanRH","cumPrecip","RH3","Temp3"
"Beaverlodge",2019-06-26,"26","26-27","6","Beav_Jun26_ITS1","ITS1",2019,"177","Canola","Rotorod",NA,"No",NA,NA,NA,"Rotorod19","Beaverlodge","Sample",167,190.785714285714,10.3020333904961,193.870450098956,6.49414695871685,1.19342745872034,0.372469382401298,1.59354774405524,26.1216390934224,177,8.4,20.531,8.22,14.2089687,96.165,50.469,79.7346875,21.2,79.1996146,13.7629409666667
"Beaverlodge",2019-06-28,"26","26-27","6","Beav_Jun28_ITS1","ITS1",2019,"179","Canola","Rotorod",NA,"No",NA,NA,NA,"Rotorod19","Beaverlodge","Sample",343,431.137931034483,28.0071868153007,406.839742282299,10.103085635178,3.92020853888095,0.932556520682135,14.8272302988247,62.0159449714574,179,13.2,15.748,12.147,13.4716771,94.244,78.099,88.6125208,34.6,82.7313715333333,14.0092777666667
"Beaverlodge",2019-07-02,"27","26-27","7","Beav_Jul02_ITS1","ITS1",2019,"183","Canola","Rotorod",NA,"No",NA,NA,NA,"Rotorod19","Beaverlodge","Sample",237,296.294117647059,19.5671370932339,307.422311099834,9.29738945221199,2.59718464348745,0.817569116318199,5.48152801662801,39.6547535641064,183,0,19.674,4.532,13.3942187,95.888,42.073,66.3566354,49.6,72.9879965,13.6978784333333
"Beaverlodge",2019-07-08,"27","26-27","7","Beav_Jul08_ITS1","ITS1",2019,"189","Canola","Rotorod",NA,"No",NA,NA,NA,"Rotorod19","Beaverlodge","Sample",175,193.4,9.91722665305717,192.909969652311,6.88795290838709,3.1005378595022,0.867174569714674,7.52867879179367,27.6122489148082,189,10.8,17.819,8.916,11.9317812,97.26,76.869,93.1586562,65,86.4810208333333,13.7884722
"Beaverlodge",2019-07-10,"28","28-29","7","Beav_Jul10_ITS1","ITS1",2019,"191","Canola","Rotorod",NA,"No",NA,NA,NA,"Rotorod19","Beaverlodge","Sample",315,391.241379310345,24.940736171949,375.236918293427,9.76861428181534,3.78402909163563,0.930046142953967,14.295137426689,55.9095299063702,191,5,14.409,9.78,12.3959583,95.683,84.142,90.8173854,70,89.8653784666667,11.7988472
"Beaverlodge",2019-07-13,"28","28-29","7","Beav_Jul13_ITS1","ITS1",2019,"194","Canola","Rotorod",NA,"No",NA,NA,NA,"Rotorod19","Beaverlodge","Sample",185,199.285714285714,7.58687887850545,201.529469585544,7.03383823424724,3.12831802673354,0.850959552590048,6.70958801706622,29.4968078747893,194,4.2,22.226,9.312,16.8465104,90.905,47.932,69.6675,74.2,69.7391632,17.2705937666667
"Beaverlodge",2019-07-15,"28","28-29","7","Beav_Jul15_ITS1","ITS1",2019,"196","Canola","Rotorod",NA,"No",NA,NA,NA,"Rotorod19","Beaverlodge","Sample",394,443.846153846154,14.5504530049272,461.382247608541,10.7031483914921,3.14910141833541,0.860631659114948,7.17523071344286,73.4809630299961,196,0,23.448,8.767,16.5500104,97.463,37.926,70.5904896,74.2,72.1425902666667,16.3703923666667
"Beaverlodge",2019-07-19,"29","28-29","7","Beav_Jul19_ITS1","ITS1",2019,"200","Canola","Rotorod",NA,"No",NA,NA,NA,"Rotorod19","Beaverlodge","Sample",449,518.6,19.4626130746524,524.810801625158,11.4603419514102,4.78917292967425,0.982690474219755,57.7716577967307,86.3170839286176,200,12.2,19.175,10.026,13.1819792,97.531,72.052,88.5027708,92.6,79.4998645666667,13.3670764333333
"Beaverlodge",2019-07-22,"29","28-29","7","Beav_Jul22_ITS1","ITS1",2019,"203","Canola","Rotorod",NA,"No",NA,NA,NA,"Rotorod19","Beaverlodge","Sample",254,284.486486486487,11.5770640273215,293.100173268418,8.59533176756523,3.13055673104658,0.85692832251097,6.98950356597779,43.0980379873109,203,0,26.134,9.854,19.7222708,97.541,39.995,70.895125,94,77.1230173666667,17.7287048333333
"Beaverlodge",2019-07-24,"30","30-31","7","Beav_Jul24A_ITS1","ITS1",2019,"205","Canola","Rotorod",NA,"No",NA,NA,NA,"Rotorod19","Beaverlodge","Sample",216,232.111111111111,7.82149051722432,235.668275085792,7.52606543837935,3.83756801668236,0.954259645783993,21.8625329239371,35.4825952352381,205,44.4,16.677,12.847,14.1448125,97.578,91.948,95.0188125,142.2,81.9516041666667,17.3380798666667
"Beaverlodge",2019-07-26,"30","30-31","7","Beav_Jul26_ITS1","ITS1",2019,"207","Canola","Rotorod",NA,"No",NA,NA,NA,"Rotorod19","Beaverlodge","Sample",74,80.1111111111111,4.97503960611518,81.4990044798407,4.48792579998679,2.28265054689358,0.811448913644909,5.30360243120922,10.0751077774196,207,0,23.665,9.386,16.9054375,89.324,44.156,67.234375,142.2,74.2177257,15.8045798666667
"Beaverlodge",2019-07-29,"30","30-31","7","Beav_Jul29_ITS1","ITS1",2019,"210","Canola","Rotorod",NA,"No",NA,NA,NA,"Rotorod19","Beaverlodge","Sample",326,397.1875,22.9595136180136,381.813549617739,9.68274939425475,3.69360546094684,0.928880609555431,14.0608629200698,58.2921268910017,210,0,21.581,7.795,15.3534792,92.144,38.706,66.7096146,143.2,69.0638611333333,15.7840972333333
"Beaverlodge",2019-07-31,"31","30-31","7","Beav_Jul31_ITS1","ITS1",2019,"212","Canola","Rotorod",NA,"No",NA,NA,NA,"Rotorod19","Beaverlodge","Sample",314,358.25,14.9909149285179,360.173898733965,9.44463066350358,4.08302174109846,0.961334225435053,25.8626656584957,55.6939937432002,212,0.2,19.984,8.295,14.6122187,97.164,55.863,79.159375,143.4,73.7167569666667,14.9135868
"Beaverlodge",2019-08-02,"31","30-31","8","Beav_Aug02_ITS1","ITS1",2019,"214","Canola","Rotorod",NA,"No",NA,NA,NA,"Rotorod19","Beaverlodge","Sample",270,317.142857142857,18.7073740051815,303.470561486164,8.63988160772559,3.33678467223519,0.840917811211179,6.28605884551593,46.3907271274592,214,1.6,16.582,11.516,13.7022188,98.192,80.086,91.0941458,145.6,85.4098541666667,14.1036736
"Beaverlodge",2019-08-06,"32","32-33","8","Beav_Aug06A_ITS1","ITS1",2019,"218","Canola","Rotorod",NA,"No",NA,NA,NA,"Rotorod19","Beaverlodge","Sample",690,814.388429752066,24.6768686314143,840.374850389962,14.3554679422642,4.21525912277801,0.911496709041498,11.2990148634008,147.825591939205,218,2.4,18.057,11.856,14.1261771,95.324,67.776,86.5316458,156,80.4626146,16.5916215333333
"Beaverlodge",2019-08-07,"32","32-33","8","Beav_Aug07_ITS1","ITS1",2019,"219","Canola","Rotorod",NA,"No",NA,NA,NA,"Rotorod19","Beaverlodge","Sample",535,642.638888888889,25.2995230954374,650.41016698557,12.9101053394676,4.05836389040378,0.909442514454675,11.0427094345447,107.314314645338,219,2.6,17.034,8.568,13.2387188,96.962,85.382,92.732875,158.6,86.8454791666667,15.0761562666667
"Beaverlodge",2019-08-09,"32","32-33","8","Beav_Aug09_ITS1","ITS1",2019,"221","Canola","Rotorod",NA,"No",NA,NA,NA,"Rotorod19","Beaverlodge","Sample",419,532.050847457627,27.7584104338835,554.346359382821,12.6213421908417,3.57272870947469,0.885991311490274,8.77126132290077,79.2563861234955,221,3.8,13.473,6.636,9.9449792,98.007,71.239,89.1398854,168.8,92.4817465333334,11.7130868333333
"Beaverlodge",2019-08-12,"32","32-33","8","Beav_Aug12_ITS1","ITS1",2019,"224","Canola","Rotorod",NA,"No",NA,NA,NA,"Rotorod19","Beaverlodge","Sample",584,743.176470588235,32.7372535887325,724.996055780654,13.0307781119321,3.52773763451933,0.872921310148961,7.86913998855507,119.75997253843,224,0,18.747,6.56,12.4395,98.701,66.52,86.4282812,168.8,83.2128298333333,11.8914305333333
"Beaverlodge",2019-08-14,"33","32-33","8","Beav_Aug14_ITS1","ITS1",2019,"226","Canola","Rotorod",NA,"No",NA,NA,NA,"Rotorod19","Beaverlodge","Sample",441,544.887096774194,25.6356000477368,551.718585580818,11.8829397130233,3.48943736470976,0.904892988289881,10.5144718777196,84.4205425172192,226,0,25.016,8.593,16.6907604,95.047,42.643,69.8530417,168.8,77.5880382,14.6817257
"Beaverlodge",2019-08-16,"33","32-33","8","Beav_Aug16_ITS1","ITS1",2019,"228","Canola","Rotorod",NA,"No",NA,NA,NA,"Rotorod19","Beaverlodge","Sample",583,669.835294117647,20.5856731506409,673.525955181573,12.6142523465963,4.30426577164305,0.94818575858508,19.2997132196177,119.502579168168,228,1,15.963,6.535,11.3015312,94.434,55.471,80.186875,174.2,76.0875,14.2209930333333
"Brooks",2019-06-26,"26","26-27","6","Br_Jun26_ITS1","ITS1",2019,"177","Canola","Rotorod",NA,"No",NA,NA,NA,"Rotorod19","Brooks","Sample",185,194.5625,6.03710859018019,193.192376174498,6.78904283377693,1.99720140285033,0.535663688977572,2.15361145846658,29.4968078747893,177,5.4,24.171,9.361,17.3771875,91.876,34.803,65.5625417,30,67.0820521,15.4999965333333
"Brooks",2019-06-28,"26","26-27","6","Br_Jun28_ITS1","ITS1",2019,"179","Canola","Rotorod",NA,"No",NA,NA,NA,"Rotorod19","Brooks","Sample",142,162.647058823529,10.4800680118613,158.384285714286,5.94499825954093,1.07357387875276,0.316563386533491,1.46319348465665,21.5656812103948,179,1.4,24.195,8.12,16.4214375,98.264,31.863,68.3202813,37.4,70.1601146,16.7513472333333
"Brooks",2019-07-03,"27","26-27","7","Br_Jul03_ITS1","ITS1",2019,"184","Canola","Rotorod",NA,"No",NA,NA,NA,"Rotorod19","Brooks","Sample",53,55.5,2.89734051883483,57.4734358169907,3.7640011564735,2.10823296701332,0.813057057372057,5.34922573670095,6.85689976892993,184,5.2,21.628,4.921,14.3709583,93.041,38.932,68.4818437,55.8,64.2875312333333,14.4568819333333
"Brooks",2019-07-05,"27","26-27","7","Br_Jul05_ITS1","ITS1",2019,"186","Canola","Rotorod",NA,"No",NA,NA,NA,"Rotorod19","Brooks","Sample",285,295.323529411765,5.45584760870653,298.149863999546,8.44892650316935,2.49132444889608,0.621752731304269,2.64377322127981,49.5220918130283,186,5,16.773,10.59,13.1994687,96.905,75.457,89.1620938,65.2,82.2622639,13.1223124666667
"Brooks",2019-07-08,"27","26-27","7","Br_Jul08_ITS1","ITS1",2019,"189","Canola","Rotorod",NA,"No",NA,NA,NA,"Rotorod19","Brooks","Sample",242,285.965517241379,16.2158428540104,289.274632259002,8.61491980026654,2.45755895261248,0.665356071259884,2.98825083653796,40.6614747519779,189,1.6,21.509,12.098,16.4135625,91.468,53.126,75.0661146,96.6,74.8310868333333,17.3515555666667
"Brooks",2019-07-10,"28","28-29","7","Br_Jul10_ITS1","ITS1",2019,"191","Canola","Rotorod",NA,"No",NA,NA,NA,"Rotorod19","Brooks","Sample",173,180.5,5.22638198821656,180.445433221276,6.57128105923155,2.33000610586739,0.666543046245544,2.99888782867116,27.2381595486699,191,6,28.345,13.04,20.7531146,88.429,32.579,59.0270833,108.4,71.1341284666667,18.0234896
"Brooks",2019-07-12,"28","28-29","7","Br_Jul12_ITS1","ITS1",2019,"193","Canola","Rotorod",NA,"No",NA,NA,NA,"Rotorod19","Brooks","Sample",95,95.3,0.703747128581253,96.3903244584446,4.55431337597723,2.17091516171022,0.654913845480581,2.89782706985924,13.4656728512683,193,6,26.916,13.161,20.1531979,92.477,37.005,66.4364167,120,64.4132326333333,20.0996840333333
"Brooks",2019-07-15,"28","28-29","7","Br_Jul15_ITS1","ITS1",2019,"196","Canola","Rotorod",NA,"No",NA,NA,NA,"Rotorod19","Brooks","Sample",194,245.75,20.420085132341,242.162479289868,7.96566310987364,2.78865904480388,0.828834509731567,5.84229915990503,31.2126208453329,196,5.4,26.256,12.316,19.4587083,93.262,35.505,63.3040833,125.4,63.9121805333333,20.4419340333333
"Brooks",2019-07-17,"29","28-29","7","Br_Jul17_ITS1","ITS1",2019,"198","Canola","Rotorod",NA,"No",NA,NA,NA,"Rotorod19","Brooks","Sample",129,151.75,16.700215432138,136.182667121174,5.66053789645789,2.34707968218496,0.7255739497211,3.64396892708872,19.261211537402,198,5.2,26.72,7.87,17.5512917,97.623,35.627,68.2882917,138.8,70.5241493,17.9984236
"Brooks",2019-07-19,"29","28-29","7","Br_Jul19_ITS1","ITS1",2019,"200","Canola","Rotorod",NA,"No",NA,NA,NA,"Rotorod19","Brooks","Sample",180,213.214285714286,15.9204133577702,197.858102046863,6.76771589736333,2.31155317517928,0.68747238109574,3.19971720741373,28.5516085188303,200,0,18.01,4.766,12.7446146,92.507,48.293,69.6948542,149.8,67.6676875333333,15.3383472333333
"Brooks",2019-07-22,"29","28-29","7","Br_Jul22_ITS1","ITS1",2019,"203","Canola","Rotorod",NA,"No",NA,NA,NA,"Rotorod19","Brooks","Sample",137,140.214285714286,2.91576468110702,141.448178229262,5.85980174268102,2.02184013324522,0.64947360039361,2.85285217068646,20.6739112937786,203,5.8,30.268,10.124,20.4602812,91.951,36.891,69.6614583,159,75.8970833333333,17.4036527666667
"Brooks",2019-07-24,"30","30-31","7","Br_Jul24_ITS1","ITS1",2019,"205","Canola","Rotorod",NA,"No",NA,NA,NA,"Rotorod19","Brooks","Sample",398,487.384615384615,25.9620005317493,454.48413522362,10.1806700005708,3.11849561516209,0.825430318249452,5.72837155897985,74.3982949934676,205,9.8,26.916,10.369,21.1398229,89.073,23.145,58.8599062,179.6,64.6870485666667,21.7830729
"Brooks",2019-07-26,"30","30-31","7","Br_Jul26_ITS1","ITS1",2019,"207","Canola","Rotorod",NA,"No",NA,NA,NA,"Rotorod19","Brooks","Sample",125,136.375,8.084281189124,133.249168284936,5.66485634617393,2.68620664101875,0.818673839564843,5.51492403302503,18.5615407528305,207,7.8,29.115,9.04,19.8525625,97.382,27.666,63.3663229,194.8,57.7549131666667,19.9930972333333
"Brooks",2019-07-29,"30","30-31","7","Br_Jul29_ITS1","ITS1",2019,"210","Canola","Rotorod",NA,"No",NA,NA,NA,"Rotorod19","Brooks","Sample",200,276.555555555556,28.893143377246,259.452408773813,8.20212484913436,2.96609171101019,0.848531475986509,6.60203171921667,32.366634770666,210,5.8,29.14,8.693,19.5479479,90.724,27.938,60.2822917,200.8,61.3368993333333,18.9400659666667
"Brooks",2019-07-31,"31","30-31","7","Br_Jul31_ITS1","ITS1",2019,"212","Canola","Rotorod",NA,"No",NA,NA,NA,"Rotorod19","Brooks","Sample",126,128.8,2.82878241260939,129.651129052457,5.44632797065377,3.0165751330658,0.883417037009381,8.57758264456246,18.7360343305564,212,5.8,29.439,12.268,20.6690313,91.584,32.875,68.8746458,213,65.5084687333333,20.1400694666667
"Brooks",2019-08-02,"31","30-31","8","Br_Aug02_ITS1","ITS1",2019,"214","Canola","Rotorod",NA,"No",NA,NA,NA,"Rotorod19","Brooks","Sample",234,285.037037037037,18.5551643308852,280.668688014695,8.37655082087376,2.83795046751857,0.851491032329864,6.73360010299964,39.0531569588021,214,4.8,32.51,11.565,23.1803125,87.845,22.26,50.5171771,223.2,61.8299236,21.7148194666667
"Brooks",2019-08-05,"31","30-31","8","Br_Aug05_ITS1","ITS1",2019,"217","Canola","Rotorod",NA,"No",NA,NA,NA,"Rotorod19","Brooks","Sample",298,337.395833333333,13.1464490980283,340.970500535261,8.84772198145394,3.24399963258305,0.881802613078403,8.46042392344364,52.2698370586649,217,4.8,29.59,9.46,20.7158229,87.899,23.793,56.1098333,228,57.8842326333333,19.7911146
"Brooks",2019-08-07,"32","32-33","8","Br_Aug07_ITS1","ITS1",2019,"219","Canola","Rotorod",NA,"No",NA,NA,NA,"Rotorod19","Brooks","Sample",176,184.903225806452,5.01669012447649,191.160637135749,6.75265963727524,1.78103778625617,0.570421003793539,2.32786055377668,27.7996495409908,219,8.6,25.55,10.907,17.9578958,94.544,46.023,75.396375,237.4,67.7957083333333,18.8413541666667
"Brooks",2019-08-09,"32","32-33","8","Br_Aug09_ITS1","ITS1",2019,"221","Canola","Rotorod",NA,"No",NA,NA,NA,"Rotorod19","Brooks","Sample",413,565.888888888889,36.1689773462648,560.152245539498,12.6062352761965,3.32462716496705,0.854065751281277,6.85240105581673,77.861188063927,221,6.2,21.795,13.786,17.7320938,93.318,56.986,72.6633854,244,70.3631215333333,19.0947673666667
"Brooks",2019-08-12,"32","32-33","8","Br_Aug12_ITS1","ITS1",2019,"224","Canola","Rotorod",NA,"No",NA,NA,NA,"Rotorod19","Brooks","Sample",145,175.666666666667,16.9426019013515,161.295817490494,6.14553573923201,3.55424729375797,0.950727833646076,20.2954339944576,22.1039353459819,224,19,14.984,11.856,13.165,97.458,91.138,95.2964792,264.8,85.5531458666667,13.9298507
"Lacombe",2019-06-26,"26","26-27","6","Lac_Jun26_ITS1","ITS1",2019,"177","Canola","Rotorod",NA,"No",NA,NA,NA,"Rotorod19","Lacombe","Sample",262,273.111111111111,6.00800623881825,273.486307817516,8.03612168469974,3.3420888653492,0.878509917849337,8.23112456834026,44.7381829578003,177,0.5,20.007,4.766,13.5424896,98.445,54.487,78.9481458,44.9,77.8268923666667,13.2256319333333
"Lacombe",2019-06-28,"26","26-27","6","Lac_Jun28_ITS1","ITS1",2019,"179","Canola","Rotorod",NA,"No",NA,NA,NA,"Rotorod19","Lacombe","Sample",223,260.84,15.0338309872645,261.878670360111,8.0576391812927,2.99191782867185,0.836469245701921,6.11505771065685,36.8631430015502,179,0,21.557,9.682,15.7371667,98.215,38.128,70.9818958,53.7,81.2559999666667,13.6991354333333
"Lacombe",2019-07-02,"27","26-27","7","Lac_Jul02_ITS1","ITS1",2019,"183","Canola","Rotorod",NA,"No",NA,NA,NA,"Rotorod19","Lacombe","Sample",213,244.5,13.8574644621236,242.531000928305,7.70065747693395,3.06815555716892,0.808625702749047,5.22536210120568,34.8941405404639,183,0,19.08,3.591,12.3283542,94.486,44.866,68.6540208,54.4,73.0667951333333,13.2704583666667
"Lacombe",2019-07-03,"27","26-27","7","Lac_Jul03_ITS1","ITS1",2019,"184","Canola","Rotorod",NA,"No",NA,NA,NA,"Rotorod19","Lacombe","Sample",33,34.2,1.83804880017176,37.2583095916429,2.93644920512074,1.72492121492167,0.744632582230832,3.91592634931964,3.98997557134332,184,0,15.7,4.011,11.4037396,95.371,61.509,80.6314062,54.4,76.4527742666667,11.7830243333333
"Lacombe",2019-07-05,"27","26-27","7","Lac_Jul05_ITS1","ITS1",2019,"186","Canola","Rotorod",NA,"No",NA,NA,NA,"Rotorod19","Lacombe","Sample",272,289.642857142857,7.59247873654278,295.612920989286,8.32684616632966,3.28748552738466,0.888578442692506,8.97492392105297,46.8057799045376,186,0,16.939,6.737,11.9849167,97.921,68.103,87.7678021,58.5,85.1082326333333,11.6787569666667
"Lacombe",2019-07-10,"28","28-29","7","Lac_Jul10B_ITS1","ITS1",2019,"191","Canola","Rotorod",NA,"No",NA,NA,NA,"Rotorod19","Lacombe","Sample",232,248.25,8.42915196288714,246.706369785825,7.66987704424955,3.3639802931195,0.856335588148743,6.96066609060672,38.6531146063393,191,0,22.154,9.139,15.3202708,97.55,68.849,87.467,69.5,87.4990243,14.1886007
"Lacombe",2019-07-12,"28","28-29","7","Lac_Jul12_ITS1","ITS1",2019,"193","Canola","Rotorod",NA,"No",NA,NA,NA,"Rotorod19","Lacombe","Sample",279,315.666666666667,14.3819023846244,312.821457352941,8.79042037421461,3.56940253975758,0.913157851762694,11.5151458168376,48.2644434475412,193,0,25.331,10.124,18.1903333,97.247,42.488,73.5080833,69.5,81.2762847,16.5401701333333
"Lacombe",2019-07-15,"28","28-29","7","Lac_Jul15_ITS1","ITS1",2019,"196","Canola","Rotorod",NA,"No",NA,NA,NA,"Rotorod19","Lacombe","Sample",63,76.75,11.1666616657135,72.6483396920781,4.22592786775484,1.81903022714873,0.650517052555972,2.86136993897294,8.3658252495357,196,0,23.954,8.767,16.5128229,96.093,48.91,75.8982396,77.2,80.1133472,16.3254236
"Lacombe",2019-07-17,"29","28-29","7","Lac_Jul17_ITS1","ITS1",2019,"198","Canola","Rotorod",NA,"No",NA,NA,NA,"Rotorod19","Lacombe","Sample",249,300.272727272727,19.7245428748074,284.372845517171,8.23114520022656,2.62124773840512,0.693072026480698,3.25809338436567,42.0793252448568,198,4.6,24.002,6.712,15.133375,98.229,55.543,82.8046771,104.3,81.4598958333333,15.5905798666667
"Lacombe",2019-07-22,"29","28-29","7","Lac_Jul22A_ITS1","ITS1",2019,"203","Canola","Rotorod",NA,"No",NA,NA,NA,"Rotorod19","Lacombe","Sample",182,223.625,18.320358152882,210.94290437746,7.09268116554662,2.61407152848752,0.736260288587136,3.79161710097793,28.9289922211142,203,0,26.353,8.02,17.7845833,96.466,56.047,78.5206875,138.6,81.7390798666667,16.2802604
"Lacombe",2019-07-24,"30","30-31","7","Lac_Jul24_ITS1","ITS1",2019,"205","Canola","Rotorod",NA,"No",NA,NA,NA,"Rotorod19","Lacombe","Sample",210,274.473684210526,24.7190159916128,266.442689512,8.31259637689346,3.00291849914839,0.842870608902883,6.36418172957807,34.3076146207627,205,1.7,22.896,11.637,17.6776563,95.997,60.659,81.2487917,140.3,80.16425,18.9327257
"Lacombe",2019-07-29,"30","30-31","7","Lac_Jul29_ITS1","ITS1",2019,"210","Canola","Rotorod",NA,"No",NA,NA,NA,"Rotorod19","Lacombe","Sample",261,291.885714285714,11.8454037019953,298.31121948294,8.63328518543271,3.46450077817108,0.887483827034725,8.88761120864485,44.5324830757752,210,0,24.653,8.145,16.3234062,98.47,51.99,79.9839583,141.1,78.6351562333333,15.7179548333333
"Lacombe",2019-07-31,"31","30-31","7","Lac_Jul31_ITS1","ITS1",2019,"212","Canola","Rotorod",NA,"No",NA,NA,NA,"Rotorod19","Lacombe","Sample",92,137.5,34.5821650039964,100.538315236014,4.88024432430685,2.26423294350941,0.805362260264948,5.13774975686234,12.9717948510378,212,4.1,25.065,5.154,15.4385625,97.951,55.853,84.3610937,145.2,82.7514652666667,15.5525347
"Lacombe",2019-08-02,"31","30-31","8","Lac_Aug02_ITS1","ITS1",2019,"214","Canola","Rotorod",NA,"No",NA,NA,NA,"Rotorod19","Lacombe","Sample",53,56,3.41676538765624,57.63488,3.66184492657368,1.46542677138114,0.520576474642891,2.08583840197481,6.85689976892993,214,0,29.966,9.41,18.529375,98.741,44.113,82.4088437,145.2,84.8706944,17.0470139
"Lacombe",2019-08-06,"32","32-33","8","Lac_Aug06_ITS1","ITS1",2019,"218","Canola","Rotorod",NA,"No",NA,NA,NA,"Rotorod19","Lacombe","Sample",532,616.418604651163,20.0965380650915,636.369196232985,12.7742054937816,4.45147400833523,0.966230767842907,29.6127550471992,106.563498736323,218,11.2,15.867,11.175,13.8233646,97.694,88.568,93.1729167,157.4,81.2568958666667,15.4118507
"Lacombe",2019-08-07,"32","32-33","8","Lac_Aug07_ITS1","ITS1",2019,"219","Canola","Rotorod",NA,"No",NA,NA,NA,"Rotorod19","Lacombe","Sample",337,490.358490566038,36.4618266829113,520.167870978961,12.6830335898174,1.96411203246115,0.519376577088407,2.08063101448958,60.6959392632727,219,0.2,22.082,5.693,14.4556979,99.231,69.277,89.6933854,157.6,86.0202569666667,15.2183958333333
"Lacombe",2019-08-12,"32","32-33","8","Lac_Aug12_ITS1","ITS1",2019,"224","Canola","Rotorod",NA,"No",NA,NA,NA,"Rotorod19","Lacombe","Sample",440,567.049180327869,30.1332146767809,558.993061663367,11.8352229899807,3.26570631272276,0.899420206314655,9.94235485437974,84.1841705338086,224,0.4,17.51,11.224,12.9137917,98.015,84.57,93.903875,163.4,91.0419652666667,12.4933402666667
"Lacombe",2019-08-14,"33","32-33","8","Lac_Aug14_ITS1","ITS1",2019,"226","Canola","Rotorod",NA,"No",NA,NA,NA,"Rotorod19","Lacombe","Sample",357,472.116279069767,30.846986037468,446.017456246517,10.3468795523332,2.69516172710312,0.838512954076845,6.19244716678921,65.1199100704298,226,0,24.702,4.584,14.5109375,98.346,49.195,81.244125,163.4,86.4219097333333,14.0355278
"Lacombe",2019-08-16,"33","32-33","8","Lac_Aug16_ITS1","ITS1",2019,"228","Canola","Rotorod",NA,"No",NA,NA,NA,"Rotorod19","Lacombe","Sample",470,619.041666666667,32.5861141131244,601.97680875098,12.0403651586857,3.09171381206491,0.882751582331513,8.52889974880039,91.3421633222662,228,0.1,16.129,5.437,12.5905,93.833,58.203,77.6372604,163.5,77.5968090333333,14.6864826333333
"Lethbridge",2019-07-03,"27","26-27","7","Leth_Jul03_ITS1","ITS1",2019,"184","Canola","Rotorod",NA,"No",NA,NA,NA,"Rotorod19","Lethbridge","Sample",339,403.8,18.895774666723,413.646010588235,10.2209314359612,2.90787254087283,0.753538923666238,4.05743582262775,61.1352520641037,184,0,22.681,10.051,15.7759583,87.321,31.145,61.496875,12.4,60.4997951333333,15.4252430666667
"Lethbridge",2019-07-04,"27","26-27","7","Leth_Jul04_ITS1","ITS1",2019,"185","Canola","Rotorod",NA,"No",NA,NA,NA,"Rotorod19","Lethbridge","Sample",323,386.030303030303,20.6897325398943,380.395746970663,9.79472708562851,3.47978866092349,0.850896660011461,6.70675787730086,57.640211678912,185,0.6,16.939,9.089,12.1002917,94.586,72.675,84.68725,13,71.8103402666667,13.4306632
"Lethbridge",2019-07-05,"27","26-27","7","Leth_Jul05_ITS1","ITS1",2019,"186","Canola","Rotorod",NA,"No",NA,NA,NA,"Rotorod19","Lethbridge","Sample",225,247.44,10.1398619298358,245.19941191241,7.60400493999255,2.58018200265286,0.841723109484152,6.31804173522014,37.2594599953114,186,1.2,16.058,10.075,12.6929583,97.217,73.565,88.4551146,14.2,78.2130798666667,13.5230694333333
"Lethbridge",2019-07-08,"27","26-27","7","Leth_Jul08_ITS1","ITS1",2019,"189","Canola","Rotorod",NA,"No",NA,NA,NA,"Rotorod19","Lethbridge","Sample",189,222.913043478261,14.1313738923352,219.085952523087,7.24426457754808,2.10935295153832,0.685321209626191,3.17784366341339,30.2571161629061,189,0,22.106,9.952,16.2638021,89.179,44.505,68.1533854,24.2,69.8778541666667,17.4416180666667
"Lethbridge",2019-07-09,"28","28-29","7","Leth_Jul09_ITS1","ITS1",2019,"190","Canola","Rotorod",NA,"No",NA,NA,NA,"Rotorod19","Lethbridge","Sample",78,93,10.3345136548314,91.0813209848291,4.6706553307605,1.48791193144661,0.478907939553853,1.91904670192791,10.7085479589894,190,0.8,24.484,10.663,18.1797396,91.456,43.983,66.1409062,25,68.4403263666667,17.2976840333333
"Lethbridge",2019-07-10,"28","28-29","7","Leth_Jul10_ITS1","ITS1",2019,"191","Canola","Rotorod",NA,"No",NA,NA,NA,"Rotorod19","Lethbridge","Sample",186,217.888888888889,12.9369100207031,230.54882111437,7.76165091790268,2.75405367441822,0.85778100627994,7.03140961585185,29.6865411543801,191,0,28.99,14.026,21.4672708,76.226,28.899,50.716375,25,61.6702222,18.6369375
"Lethbridge",2019-07-11,"28","28-29","7","Leth_Jul11_ITS1","ITS1",2019,"192","Canola","Rotorod",NA,"No",NA,NA,NA,"Rotorod19","Lethbridge","Sample",243,270.857142857143,11.5834425754633,265.777056539366,7.7454316910822,2.6489714987827,0.828854996530167,5.84299850843302,40.8634243098231,192,0,27.924,16.749,22.8363958,59.686,26.21,39.5030417,25,52.1201076333333,20.8278020666667
"Lethbridge",2019-07-12,"28","28-29","7","Leth_Jul12_ITS1","ITS1",2019,"193","Canola","Rotorod",NA,"No",NA,NA,NA,"Rotorod19","Lethbridge","Sample",174,194.676470588235,8.89381107646967,207.644507307874,7.30192138482914,2.71244802040808,0.872402909365744,7.83716928833747,27.425085345044,193,0,29.29,13.69,21.7674688,73.232,27.428,49.7420833,25,46.6538333333333,22.0237118
"Lethbridge",2019-07-15,"28","28-29","7","Leth_Jul15_ITS1","ITS1",2019,"196","Canola","Rotorod",NA,"No",NA,NA,NA,"Rotorod19","Lethbridge","Sample",143,164.75,10.462730266528,174.954983887852,6.71153768128418,2.85882104589549,0.861533637956966,7.22197063059409,21.7448353047294,196,0,26.012,12.63,19.5699687,72.307,29.083,49.5049479,25,49.3856736333333,21.4362604333333
"Lethbridge",2019-07-16,"29","28-29","7","Leth_Jul16_ITS1","ITS1",2019,"197","Canola","Rotorod",NA,"No",NA,NA,NA,"Rotorod19","Lethbridge","Sample",373,496.117647058824,34.9582779795411,454.030923205432,10.5914499260444,3.23012855342538,0.842873094645421,6.36428241072627,68.7077322695898,197,0,23.881,14.218,18.8291771,78.551,41.694,59.7892813,25,53.6610694666667,19.9051840333333
"Lethbridge",2019-07-17,"29","28-29","7","Leth_Jul17_ITS1","ITS1",2019,"198","Canola","Rotorod",NA,"No",NA,NA,NA,"Rotorod19","Lethbridge","Sample",249,288,14.2025428379303,293.775641787491,8.59635763522584,2.87223497882019,0.83548565713386,6.07849736733089,42.0793252448568,198,0,25.793,11.127,18.4351667,88.835,32.476,55.6011771,25,54.9651354333333,18.9447708333333
"Lethbridge",2019-07-18,"29","28-29","7","Leth_Jul18_ITS1","ITS1",2019,"199","Canola","Rotorod",NA,"No",NA,NA,NA,"Rotorod19","Lethbridge","Sample",339,388.584905660377,15.2214184647528,391.288477274853,9.33503610237699,2.61080000641337,0.747719940310572,3.96384875297343,61.1352520641037,199,0,23.328,9.829,17.1965937,70.263,25.12,44.7880729,25,53.3928437666667,18.1536458333333
"Lethbridge",2019-07-19,"29","28-29","7","Leth_Jul19_ITS1","ITS1",2019,"200","Canola","Rotorod",NA,"No",NA,NA,NA,"Rotorod19","Lethbridge","Sample",286,345.181818181818,19.6992663118225,333.112059527795,8.8878223763761,3.09872759829365,0.888477589039133,8.96680758050415,49.7323323062605,200,0.2,22.968,8.394,15.3817813,76.166,22.624,44.3444583,25.2,48.2445694333333,17.0045139
"Lethbridge",2019-07-22,"29","28-29","7","Leth_Jul22_ITS1","ITS1",2019,"203","Canola","Rotorod",NA,"No",NA,NA,NA,"Rotorod19","Lethbridge","Sample",167,186.375,9.18796847535461,191.194399475816,6.87094910358601,1.86970805053712,0.577143636871141,2.36486922557026,26.1216390934224,203,0,27.727,8.568,19.1675312,92.189,44.019,69.435125,62.6,76.9038854,15.6308541666667
"Lethbridge",2019-07-23,"30","30-31","7","Leth_Jul23_ITS1","ITS1",2019,"204","Canola","Rotorod",NA,"No",NA,NA,NA,"Rotorod19","Lethbridge","Sample",203,264.03125,20.3491625785481,263.124978217893,8.14481791221802,1.64570108519159,0.589239358832508,2.43450783686999,32.9466331196848,204,1.6,32.949,14.385,23.567875,92.89,29.364,63.788375,64.2,68.4007916666667,19.5431076333333
"Lethbridge",2019-07-24,"30","30-31","7","Leth_Jul24_ITS1","ITS1",2019,"205","Canola","Rotorod",NA,"No",NA,NA,NA,"Rotorod19","Lethbridge","Sample",155,183.05,12.6801676203116,184.929453823237,6.87223832943821,2.4951708611778,0.841485967999835,6.30858976572469,23.9150178455224,205,0.2,25.501,17.153,21.2251667,79.016,25.155,47.9155312,64.4,60.3796770666667,21.3201909666667
"Lethbridge",2019-07-25,"30","30-31","7","Leth_Jul25_ITS1","ITS1",2019,"206","Canola","Rotorod",NA,"No",NA,NA,NA,"Rotorod19","Lethbridge","Sample",151,193,21.8504318954227,175.250010552406,6.59052953487477,2.80270021889123,0.866636916773191,7.49832694179179,23.1874984890122,206,0,27.85,14.936,21.315,48.39,25.422,35.5326875,64.4,49.0788645666667,22.0360139
"Lethbridge",2019-07-26,"30","30-31","7","Leth_Jul26_ITS1","ITS1",2019,"207","Canola","Rotorod",NA,"No",NA,NA,NA,"Rotorod19","Lethbridge","Sample",307,396.552631578947,26.1960085982152,402.308786079633,10.5033501711156,3.34307073495183,0.882324265081165,8.49792865699739,54.1902470200136,207,0,31.408,11.977,22.2125417,77.273,22.444,44.60525,64.4,42.6844895666667,21.5842361333333
"Lethbridge",2019-07-29,"30","30-31","7","Leth_Jul29_ITS1","ITS1",2019,"210","Canola","Rotorod",NA,"No",NA,NA,NA,"Rotorod19","Lethbridge","Sample",180,202.894736842105,11.0150317760674,200.278221394419,7.110145877385,2.93382736036773,0.858037770314624,7.04412717534974,28.5516085188303,210,0,27.727,9.262,19.9323229,86.08,29.57,54.1085521,64.4,50.0433090333333,20.1058923666667
"Lethbridge",2019-07-30,"31","30-31","7","Leth_Jul30_ITS1","ITS1",2019,"211","Canola","Rotorod",NA,"No",NA,NA,NA,"Rotorod19","Lethbridge","Sample",235,268.444444444444,13.411310389383,265.640542435176,8.05152253549241,2.96775469737145,0.847479068566261,6.55647713792281,39.2534851762669,211,0,31.433,11.977,21.4682187,87.576,18.126,51.8812292,64.4,53.6437153,19.8530902666667
"Lethbridge",2019-07-31,"31","30-31","7","Leth_Jul31_ITS1","ITS1",2019,"212","Canola","Rotorod",NA,"No",NA,NA,NA,"Rotorod19","Lethbridge","Sample",179,245.230769230769,28.3818686135113,220.01252896332,7.31229531382858,3.06982067416507,0.882647353994562,8.52132469133811,28.3632666950985,212,0,28.369,12.098,20.2183958,86.249,34.911,61.8253125,64.4,55.9383646,20.5396458
"Lethbridge",2019-08-01,"31","30-31","8","Leth_Aug01_ITS1","ITS1",2019,"213","Canola","Rotorod",NA,"No",NA,NA,NA,"Rotorod19","Lethbridge","Sample",307,366.756756756757,19.2371945479581,366.332160712616,9.671439869442,3.07638286143288,0.816892385258618,5.46126932739736,54.1902470200136,213,0,32.665,13.497,22.3008125,74.967,19.01,51.1701771,64.4,54.9589062666667,21.3291423333333
"Lethbridge",2019-08-02,"31","30-31","8","Leth_Aug02_ITS1","ITS1",2019,"214","Canola","Rotorod",NA,"No",NA,NA,NA,"Rotorod19","Lethbridge","Sample",243,274.2,12.9777039373884,270.955440590586,8.17695883699207,3.24107174925398,0.912728427392843,11.4584849353109,40.8634243098231,214,0,34.281,14.673,25.0021042,62.684,16.564,35.0955625,64.4,49.3636840333333,22.5071041666667
"Lethbridge",2019-08-06,"32","32-33","8","Leth_Aug06_ITS1","ITS1",2019,"218","Canola","Rotorod",NA,"No",NA,NA,NA,"Rotorod19","Lethbridge","Sample",42,44,2.87974465759194,44.8677858943141,2.99285766441766,2.00891812209223,0.75698153715553,4.11491369131073,5.25272759178208,218,0,26.304,13.377,18.9633229,87.692,44.505,64.9968437,64.4,56.5598611,19.5198611
"Lethbridge",2019-08-07,"32","32-33","8","Leth_Aug07_ITS1","ITS1",2019,"219","Canola","Rotorod",NA,"No",NA,NA,NA,"Rotorod19","Lethbridge","Sample",392,493.181818181818,25.9603789431898,483.243782144638,10.7280770853566,2.27106436339859,0.605258265686566,2.53330193661757,73.0232679999152,219,0,27.358,12.316,18.9671875,92.006,42.84,70.9089688,64.4,61.2665555666667,19.6388333333333
"Lethbridge",2019-08-08,"32","32-33","8","Leth_Aug08_ITS1","ITS1",2019,"220","Canola","Rotorod",NA,"No",NA,NA,NA,"Rotorod19","Lethbridge","Sample",120,125,4.31291485748342,125.1742611117,5.44757184810043,2.78616789397288,0.780234736734185,4.55030965831237,17.6933719306573,220,0,30.824,10.81,20.6303958,95.199,33.294,65.3664167,64.4,67.0907430666667,19.5203020666667
"Lethbridge",2019-08-09,"32","32-33","8","Leth_Aug09_ITS1","ITS1",2019,"221","Canola","Rotorod",NA,"No",NA,NA,NA,"Rotorod19","Lethbridge","Sample",298,355.790697674419,18.01370200707,367.584912164264,9.83192667914201,2.72980615817567,0.761872482527205,4.19943066896604,52.2698370586649,221,0,22.872,14.409,17.575875,86.542,53.769,70.2412604,64.4,68.8388819666667,19.0578194333333
"Lethbridge",2019-08-12,"32","32-33","8","Leth_Aug12_ITS1","ITS1",2019,"224","Canola","Rotorod",NA,"No",NA,NA,NA,"Rotorod19","Lethbridge","Sample",324,489.782608695652,40.5464992812184,461.715794834962,11.0183764979903,1.78402852262932,0.510646608140106,2.04351296350329,57.8573409750187,224,1.4,19.77,12.195,15.4722813,96.901,65.371,87.0688021,81.4,84.6667187666667,14.9233056
"Lethbridge",2019-08-13,"33","32-33","8","Leth_Aug13_ITS1","ITS1",2019,"225","Canola","Rotorod",NA,"No",NA,NA,NA,"Rotorod19","Lethbridge","Sample",158,178.777777777778,9.40770883228383,184.084717136841,6.62342202136632,1.21492833551323,0.35084870658091,1.54047293772301,24.4633162497332,225,0.2,21.7,11.589,15.3315937,99.024,57.392,84.4822812,81.6,83.7263159666667,15.7082604333333
"Lethbridge",2019-08-14,"33","32-33","8","Leth_Aug14_ITS1","ITS1",2019,"226","Canola","Rotorod",NA,"No",NA,NA,NA,"Rotorod19","Lethbridge","Sample",125,139.055555555556,7.76815879945328,142.323346426091,5.86298041840837,1.64970628627538,0.535485209370966,2.15278398056136,18.5615407528305,226,0.4,26.451,10.443,16.8928333,95.006,37.166,70.1883958,82,80.5798263666667,15.8989027666667
"Lethbridge",2019-08-15,"33","32-33","8","Leth_Aug15_ITS1","ITS1",2019,"227","Canola","Rotorod",NA,"No",NA,NA,NA,"Rotorod19","Lethbridge","Sample",287,372.130434782609,23.8465942900458,379.819003084026,9.92278495218049,2.18134896413926,0.700959279322988,3.34402618391252,49.9427683975107,227,0,27.481,10.001,18.9842292,86.836,27.407,54.3920208,82,69.6875659333333,17.0695520666667
"Lethbridge",2019-08-16,"33","32-33","8","Leth_Aug16_ITS1","ITS1",2019,"228","Canola","Rotorod",NA,"No",NA,NA,NA,"Rotorod19","Lethbridge","Sample",283,348.206896551724,22.0357028638859,327.303662766668,8.75211007127398,2.6207316559194,0.760464325841272,4.17474350537596,49.10211076928,228,2.6,17.486,10.687,13.613625,92.842,49.402,78.4662813,84.6,67.6822326333333,16.4968958333333
"Lethbridge",2019-08-19,"33","32-33","8","Leth_Aug19_ITS1","ITS1",2019,"231","Canola","Rotorod",NA,"No",NA,NA,NA,"Rotorod19","Lethbridge","Sample",189,234.15,18.3331466069321,224.661844292139,7.49535145763933,2.44849270703577,0.766501000980535,4.28267360545146,30.2571161629061,231,0,23.184,9.262,16.6399479,88.021,42.1,61.4649896,85.8,60.7374097333333,16.5038194333333
"Lethbridge",2019-08-20,"34","34-35","8","Leth_Aug20_ITS1","ITS1",2019,"232","Canola","Rotorod",NA,"No",NA,NA,NA,"Rotorod19","Lethbridge","Sample",217,286.030303030303,22.2154021154446,324.314779064779,11.048072063086,2.68616691113067,0.772030321252098,4.38654827033309,35.6791730804487,232,0,28.023,7.293,18.186625,94.738,32.078,62.0355521,85.8,57.0789305666667,18.2356493
"Lethbridge",2019-08-21,"34","34-35","8","Leth_Aug21_ITS1","ITS1",2019,"233","Canola","Rotorod",NA,"No",NA,NA,NA,"Rotorod19","Lethbridge","Sample",350,490.926829268293,36.8228911526758,461.888672531515,10.8588056699015,2.67901262446993,0.763778429733721,4.23331365917498,63.5637541517644,233,1.2,33.261,12.122,22.7744375,83.231,20.971,50.0769688,87,57.8591701666667,19.2003368
"Lethbridge",2019-08-22,"34","34-35","8","Leth_Aug22_ITS1","ITS1",2019,"234","Canola","Rotorod",NA,"No",NA,NA,NA,"Rotorod19","Lethbridge","Sample",516,583.478260869565,17.9508691660015,580.668804966135,11.6145268054452,4.23390029496107,0.942475349500339,17.3838518150736,102.581211003728,234,3.6,23.184,14.314,18.5319792,95.468,41.456,73.8737917,90.6,61.9954375333333,19.8310139
"Lethbridge",2019-08-23,"34","34-35","8","Leth_Aug23_ITS1","ITS1",2019,"235","Canola","Rotorod",NA,"No",NA,NA,NA,"Rotorod19","Lethbridge","Sample",86,93.8571428571429,6.33464278408368,94.2985851766734,4.62911720511319,1.32946760434262,0.443295982006253,1.79628665804103,11.9932865407598,235,0,26.646,9.608,18.9278958,98.66,32.476,65.6545625,90.6,63.2017743333333,20.0781041666667
"Lethbridge",2019-08-26,"34","34-35","8","Leth_Aug26_ITS1","ITS1",2019,"238","Canola","Rotorod",NA,"No",NA,NA,NA,"Rotorod19","Lethbridge","Sample",63,68.25,5.36956530554502,68.0021735144595,3.82200168160943,1.54784982938474,0.502504879463217,2.0100699659547,8.3658252495357,238,0.4,19.008,8.494,13.0226146,90.071,38.996,69.5149375,91.4,63.0349062333333,16.0720868
